CREATE DATABASE Healthcare_DB;
USE Healthcare_DB;
CREATE TABLE patients (
    patient_id INT PRIMARY KEY,
    name VARCHAR(100) NOT NULL,
    age INT,
    gender VARCHAR(10),
    blood_group VARCHAR(5),
    contact_number VARCHAR(15) UNIQUE, 
    address TEXT
);

CREATE TABLE doctors (
    doctor_id INT PRIMARY KEY,
    name VARCHAR(100) NOT NULL,
    specialization VARCHAR(100),
    contact_number VARCHAR(15) UNIQUE,
    email VARCHAR(100) UNIQUE
);

CREATE TABLE admissions (
    admission_id INT PRIMARY KEY,
    patient_id INT NOT NULL,
    admission_date DATE NOT NULL,
    discharge_date DATE,
    reason VARCHAR(255),
    hospital_department VARCHAR(50),
    doctor_id INT,
    FOREIGN KEY (patient_id) REFERENCES patients(patient_id) ON DELETE CASCADE,
    FOREIGN KEY (doctor_id) REFERENCES doctors(doctor_id) ON DELETE SET NULL
);

CREATE TABLE treatments (
    treatment_id INT AUTO_INCREMENT PRIMARY KEY,
    admission_id INT NOT NULL,
    patient_id INT NOT NULL,
    treatment_name VARCHAR(255),
    medication VARCHAR(255),
    dosage VARCHAR(50),
    treatment_date DATE NOT NULL,
    department VARCHAR(50),
    doctor_id INT,
    FOREIGN KEY (admission_id) REFERENCES admissions(admission_id) ON DELETE CASCADE,
    FOREIGN KEY (patient_id) REFERENCES patients(patient_id) ON DELETE CASCADE,
    FOREIGN KEY (doctor_id) REFERENCES doctors(doctor_id) ON DELETE SET NULL
);



INSERT INTO patients (patient_id, name, age, gender, blood_group, contact_number, address) VALUES
(1, 'Alice Johnson', 45, 'Female', 'A+', '555-1234', '777 Brockton Avenue, Abington, MA 02351'),
(2, 'Robert Smith', 38, 'Male', 'B+', '555-5678', '30 Memorial Drive, Avon, MA 02322'),
(3, 'Maria Rodriguez', 29, 'Female', 'O-', '555-8765', '250 Hartford Avenue, Bellingham, MA 02019'),
(4, 'James Lee', 52, 'Male', 'AB+', '555-4321', '700 Oak Street, Brockton, MA 02301'),
(5, 'Linda Kim', 34, 'Female', 'A-', '555-5321', '66-4 Parkhurst Rd, Chelmsford, MA 01824'),
(6, 'Michael Brown', 60, 'Male', 'B-', '555-3333', '591 Memorial Dr, Chicopee, MA 01020'),
(7, 'Patricia Davis', 27, 'Female', 'O+', '555-7890', '55 Brooksby Village Way, Danvers, MA 01923'),
(8, 'David Wilson', 43, 'Male', 'A+', '555-2345', '137 Teaticket Hwy, East Falmouth, MA 02536'),
(9, 'Barbara Martinez', 50, 'Female', 'B+', '555-6655', '42 Fairhaven Commons Way, Fairhaven, MA 02719'),
(10, 'William Anderson', 36, 'Male', 'O-', '555-8760', '374 William S Canning Blvd, Fall River, MA 02721'),
(11, 'Susan Thomas', 48, 'Female', 'AB+', '555-4320', '121 Worcester Rd, Framingham, MA 01701'),
(12, 'Charles Jackson', 55, 'Male', 'A-', '555-1111', '677 Timpany Blvd, Gardner, MA 01440'),
(13, 'Jessica White', 31, 'Female', 'B-', '555-3451', '337 Russell St, Hadley, MA 01035'),
(14, 'Christopher Harris', 42, 'Male', 'O+', '555-7891', '295 Plymouth Street, Halifax, MA 02338'),
(15, 'Karen Clark', 37, 'Female', 'A+', '555-2341', '1775 Washington St, Hanover, MA 02339'),
(16, 'Matthew Lewis', 49, 'Male', 'B+', '555-0000', '280 Washington Street, Hudson, MA 01749'),
(17, 'Nancy Robinson', 28, 'Female', 'O-', '555-8762', '20 Soojian Dr, Leicester, MA 01524'),
(18, 'Joshua Walker', 53, 'Male', 'AB+', '555-4322', '11 Jungle Road, Leominster, MA 01453'),
(19, 'Betty Young', 46, 'Female', 'A-', '555-0003', '301 Massachusetts Ave, Lunenburg, MA 01462'),
(20, 'Daniel King', 39, 'Male', 'B-', '555-3452', '780 Lynnway, Lynn, MA 01905'),
(21, 'Sandra Wright', 33, 'Female', 'O+', '555-7892', '70 Pleasant Valley Street, Methuen, MA 01844'),
(22, 'Joseph Scott', 41, 'Male', 'A+', '555-2342', '830 Curran Memorial Hwy, North Adams, MA 01247'),
(23, 'Sarah Green', 35, 'Female', 'B+', '555-7700', '1470 S Washington St, North Attleboro, MA 02760'),
(24, 'Thomas Adams', 44, 'Male', 'O-', '555-8763', '506 State Road, North Dartmouth, MA 02747'),
(25, 'Margaret Baker', 51, 'Female', 'AB+', '555-4323', '742 Main Street, North Oxford, MA 01537'),
(26, 'Mark Gonzalez', 30, 'Male', 'A-', '555-5500', '72 Main St, North Reading, MA 01864'),
(27, 'Dorothy Nelson', 47, 'Female', 'B-', '555-3453', '200 Otis Street, Northborough, MA 01532'),
(28, 'Steven Carter', 40, 'Male', 'O+', '555-7893', '180 North King Street, Northampton, MA 01060'),
(29, 'Lisa Mitchell', 32, 'Female', 'A+', '555-2343', '555 East Main St, Orange, MA 01364'),
(30, 'Paul Perez', 54, 'Male', 'B+', '555-6000', '555 Hubbard Ave-Suite 12, Pittsfield, MA 01201'),
(31, 'Laura Roberts', 26, 'Female', 'O-', '555-8764', '300 Colony Place, Plymouth, MA 02360'),
(32, 'Kevin Turner', 50, 'Male', 'AB+', '555-4324', '301 Falls Blvd, Quincy, MA 02169'),
(33, 'Helen Phillips', 38, 'Female', 'A-', '555-2020', '36 Paramount Drive, Raynham, MA 02767'),
(34, 'Edward Campbell', 45, 'Male', 'B-', '555-3454', '450 Highland Ave, Salem, MA 01970'),
(35, 'Sharon Parker', 29, 'Female', 'O+', '555-7894', '1180 Fall River Avenue, Seekonk, MA 02771'),
(36, 'Brian Evans', 41, 'Male', 'A+', '555-2344', '1105 Boston Road, Springfield, MA 01119'),
(37, 'Michelle Edwards', 34, 'Female', 'B+', '555-6700', '100 Charlton Road, Sturbridge, MA 01566'),
(38, 'George Collins', 52, 'Male', 'O-', '555-8766', '262 Swansea Mall Dr, Swansea, MA 02777'),
(39, 'Emily Stewart', 31, 'Female', 'AB+', '555-4325', '333 Main Street, Tewksbury, MA 01876'),
(40, 'Frank Morris', 48, 'Male', 'A-', '555-8900', '550 Providence Hwy, Walpole, MA 02081'),
(41, 'Angela Rogers', 36, 'Female', 'B-', '555-3455', '352 Palmer Road, Ware, MA 01082'),
(42, 'Raymond Reed', 43, 'Male', 'O+', '555-7895', '3005 Cranberry Hwy Rt 6 28, Wareham, MA 02538'),
(43, 'Cynthia Cook', 39, 'Female', 'A+', '555-2346', '250 Rt 59, Airmont, NY 10901'),
(44, 'Gregory Morgan', 50, 'Male', 'B+', '555-6777', '141 Washington Ave Extension, Albany, NY 12205'),
(45, 'Deborah Bell', 44, 'Female', 'O-', '555-8767', '13858 Rt 31 W, Albion, NY 14411'),
(46, 'Patrick Murphy', 37, 'Male', 'AB+', '555-4326', '2055 Niagara Falls Blvd, Amherst, NY 14228'),
(47, 'Rebecca Bailey', 29, 'Female', 'A-', '555-6780', '101 Sanford Farm Shpg Center, Amsterdam, NY 12010'),
(48, 'Stephen Rivera', 53, 'Male', 'B-', '555-3456', '297 Grant Avenue, Auburn, NY 13021'),
(49, 'Laura Cooper', 41, 'Female', 'O+', '555-7896', '4133 Veterans Memorial Drive, Batavia, NY 14020'),
(50, 'Edward Richardson', 46, 'Male', 'A+', '555-2347', '6265 Brockport Spencerport Rd, Brockport, NY 14420'),
(51, 'Kimberly Cox', 33, 'Female', 'B+', '555-6781', '5399 W Genesse St, Camillus, NY 13031'),
(52, 'Jeffrey Howard', 48, 'Male', 'O-', '555-8768', '3191 County Rd 10, Canandaigua, NY 14424'),
(53, 'Amy Ward', 35, 'Female', 'AB+', '555-4327', '30 Catskill, Catskill, NY 12414'),
(54, 'Scott Brooks', 39, 'Male', 'A-', '555-6782', '161 Centereach Mall, Centereach, NY 11720'),
(55, 'Martha Sanders', 52, 'Female', 'B-', '555-3457', '3018 East Ave, Central Square, NY 13036'),
(56, 'Gary Price', 44, 'Male', 'O+', '555-7897', '100 Thruway Plaza, Cheektowaga, NY 14225'),
(57, 'Janet Bennett', 36, 'Female', 'A+', '555-2348', '8064 Brewerton Rd, Cicero, NY 13039'),
(58, 'Frank Barnes', 50, 'Male', 'B+', '555-6783', '5033 Transit Road, Clarence, NY 14031'),
(59, 'Diane Ross', 42, 'Female', 'O-', '555-8769', '3949 Route 31, Clay, NY 13041'),
(60, 'Harold Henderson', 47, 'Male', 'AB+', '555-4328', '139 Merchant Place, Cobleskill, NY 12043'),
(61, 'Frances Coleman', 31, 'Female', 'A-', '555-6784', '85 Crooked Hill Road, Commack, NY 11725'),
(62, 'Walter Jenkins', 55, 'Male', 'B-', '555-3458', '872 Route 13, Cortlandville, NY 13045'),
(63, 'Denise Perry', 38, 'Female', 'O+', '555-7898', '279 Troy Road, East Greenbush, NY 12061'),
(64, 'Henry Powell', 43, 'Male', 'A+', '555-2349', '2465 Hempstead Turnpike, East Meadow, NY 11554'),
(65, 'Shirley Long', 29, 'Female', 'B+', '555-6785', '6438 Basile Rowe, East Syracuse, NY 13057'),
(66, 'Arthur Patterson', 51, 'Male', 'O-', '555-8770', '25737 US Rt 11, Evans Mills, NY 13637'),
(67, 'Ruth Hughes', 45, 'Female', 'AB+', '555-4329', '901 Route 110, Farmingdale, NY 11735'),
(68, 'Jack Flores', 37, 'Male', 'A-', '555-6786', '2400 Route 9, Fishkill, NY 12524'),
(69, 'Emily Washington', 33, 'Female', 'B-', '555-3459', '10401 Bennett Road, Fredonia, NY 14063'),
(70, 'Albert Butler', 49, 'Male', 'O+', '555-7899', '1818 State Route 3, Fulton, NY 13069'),
(71, 'Megan Simmons', 40, 'Female', 'A+', '555-2350', '4300 Lakeville Road, Geneseo, NY 14454'),
(72, 'Bruce Foster', 54, 'Male', 'B+', '555-6787', '990 Route 5 20, Geneva, NY 14456'),
(73, 'Katherine Gonzales', 28, 'Female', 'O-', '555-8771', '311 RT 9W, Glenmont, NY 12077'),
(74, 'Joe Bryant', 42, 'Male', 'AB+', '555-4330', '200 Dutch Meadows Ln, Glenville, NY 12302'),
(75, 'Theresa Alexander', 35, 'Female', 'A-', '555-6788', '100 Elm Ridge Center Dr, Greece, NY 14626'),
(76, 'Billy Russell', 48, 'Male', 'B-', '555-3460', '1549 Rt 9, Halfmoon, NY 12065'),
(77, 'Janice Griffin', 39, 'Female', 'O+', '555-7900', '5360 Southwestern Blvd, Hamburg, NY 14075'),
(78, 'Johnny Diaz', 50, 'Male', 'A+', '555-2001', '103 North Caroline St, Herkimer, NY 13350'),
(79, 'Gloria Hayes', 41, 'Female', 'B+', '555-0071', '1000 State Route 36, Hornell, NY 14843'),
(80, 'Johnny Diaz', 50, 'Male', 'A+', '555-2351', '103 North Caroline St, Herkimer, NY 13350'),
(81, 'Gloria Hayes', 41, 'Female', 'B+', '555-0305', '1000 State Route 36, Hornell, NY 14843'),
(82, 'Bruce Foster', 54, 'Male', 'B+', '555-0910', '990 Route 5 20, Geneva, NY 14456'),
(83, 'Katherine Gonzales', 28, 'Female', 'O-', '555-0060', '311 RT 9W, Glenmont, NY 12077'),
(84, 'Joe Bryant', 42, 'Male', 'AB+', '555-4333', '200 Dutch Meadows Ln, Glenville, NY 12302'),
(85, 'Theresa Alexander', 35, 'Female', 'A-', '555-0818', '100 Elm Ridge Center Dr, Greece, NY 14626'),
(86, 'Billy Russell', 48, 'Male', 'B-', '555-1690', '1549 Rt 9, Halfmoon, NY 12065'),
(87, 'Janice Griffin', 39, 'Female', 'O+', '555-7901', '5360 Southwestern Blvd, Hamburg, NY 14075'),
(88, 'Johnny Diaz', 50, 'Male', 'A+', '555-2301', '103 North Caroline St, Herkimer, NY 13350'),
(89, 'Gloria Hayes', 41, 'Female', 'B+', '555-4587', '1000 State Route 36, Hornell, NY 14843'),
(90, 'Bruce Foster', 54, 'Male', 'B+', '555-0408', '990 Route 5 20, Geneva, NY 14456'),
(91, 'Katherine Gonzales', 28, 'Female', 'O-', '555-8001', '311 RT 9W, Glenmont, NY 12077'),
(92, 'Joe Bryant', 42, 'Male', 'AB+', '555-4000', '200 Dutch Meadows Ln, Glenville, NY 12302'),
(93, 'Theresa Alexander', 35, 'Female', 'A-', '555-0008', '100 Elm Ridge Center Dr, Greece, NY 14626'),
(94, 'Billy Russell', 48, 'Male', 'B-', '555-0101', '1549 Rt 9, Halfmoon, NY 12065'),
(95, 'Janice Griffin', 39, 'Female', 'O+', '555-0202', '5360 Southwestern Blvd, Hamburg, NY 14075'),
(96, 'Johnny Diaz', 50, 'Male', 'A+', '555-0303', '103 North Caroline St, Herkimer, NY 13350'),
(97, 'Gloria Hayes', 41, 'Female', 'B+', '555-0404', '1000 State Route 36, Hornell, NY 14843'),
(98, 'Bruce Foster', 54, 'Male', 'B+', '555-0505', '990 Route 5 20, Geneva, NY 14456'),
(99, 'Katherine Gonzales', 28, 'Female', 'O-', '555-0480', '311 RT 9W, Glenmont, NY 12077'),
(100, 'Joe Bryant', 42, 'Male', 'AB+', '555-0707', '200 Dutch Meadows Ln, Glenville, NY 12302'),
(101, 'Theresa Alexander', 35, 'Female', 'A-', '555-0808', '100 Elm Ridge Center Dr, Greece, NY 14626'),
(102, 'Billy Russell', 48, 'Male', 'B-', '555-0909', '1549 Rt 9, Halfmoon, NY 12065'),
(103, 'Janice Griffin', 39, 'Female', 'O+', '555-3030', '5360 Southwestern Blvd, Hamburg, NY 14075'),
(104, 'Johnny Diaz', 50, 'Male', 'A+', '555-2021', '103 North Caroline St, Herkimer, NY 13350'),
(105, 'Gloria Hayes', 41, 'Female', 'B+', '555-6789', '1000 State Route 36, Hornell, NY 14843'),
(106, 'Bruce Foster', 54, 'Male', 'B+', '555-2022', '990 Route 5 20, Geneva, NY 14456'),
(107, 'Katherine Gonzales', 28, 'Female', 'O-', '555-2023', '311 RT 9W, Glenmont, NY 12077'),
(108, 'Joe Bryant', 42, 'Male', 'AB+', '555-2024', '200 Dutch Meadows Ln, Glenville, NY 12302'),
(109, 'Theresa Alexander', 35, 'Female', 'A-', '555-2025', '100 Elm Ridge Center Dr, Greece, NY 14626'),
(110, 'Billy Russell', 48, 'Male', 'B-', '555-2026', '1549 Rt 9, Halfmoon, NY 12065'),
(111, 'Janice Griffin', 39, 'Female', 'O+', '555-2027', '5360 Southwestern Blvd, Hamburg, NY 14075'),
(112, 'Johnny Diaz', 50, 'Male', 'A+', '555-2028', '103 North Caroline St, Herkimer, NY 13350'),
(113, 'Gloria Hayes', 41, 'Female', 'B+', '555-2029', '1000 State Route 36, Hornell, NY 14843'),
(114, 'Bruce Foster', 54, 'Male', 'B+', '555-2030', '990 Route 5 20, Geneva, NY 14456'),
(115, 'Katherine Gonzales', 28, 'Female', 'O-', '545-8771', '311 RT 9W, Glenmont, NY 12077'),
(116, 'Joe Bryant', 42, 'Male', 'AB+', '515-4330', '200 Dutch Meadows Ln, Glenville, NY 12302'),
(117, 'Theresa Alexander', 35, 'Female', 'A-', '525-6788', '100 Elm Ridge Center Dr, Greece, NY 14626'),
(118, 'Billy Russell', 48, 'Male', 'B-', '535-3460', '1549 Rt 9, Halfmoon, NY 12065'),
(119, 'Janice Griffin', 39, 'Female', 'O+', '545-7900', '5360 Southwestern Blvd, Hamburg, NY 14075'),
(120, 'Johnny Diaz', 50, 'Male', 'A+', '565-2351', '103 North Caroline St, Herkimer, NY 13350'),
(121, 'Gloria Hayes', 41, 'Female', 'B+', '575-6789', '1000 State Route 36, Hornell, NY 14843'),
(122, 'Bruce Foster', 54, 'Male', 'B+', '585-6787', '990 Route 5 20, Geneva, NY 14456'),
(123, 'Katherine Gonzales', 28, 'Female', 'O-', '595-8771', '311 RT 9W, Glenmont, NY 12077'),
(124, 'Joe Bryant', 42, 'Male', 'AB+', '505-4330', '200 Dutch Meadows Ln, Glenville, NY 12302'),
(125, 'Theresa Alexander', 35, 'Female', 'A-', '055-6788', '100 Elm Ridge Center Dr, Greece, NY 14626'),
(126, 'Billy Russell', 48, 'Male', 'B-', '155-3460', '1549 Rt 9, Halfmoon, NY 12065'),
(127, 'Janice Griffin', 39, 'Female', 'O+', '255-7900', '5360 Southwestern Blvd, Hamburg, NY 14075'),
(128, 'Johnny Diaz', 50, 'Male', 'A+', '355-2351', '103 North Caroline St, Herkimer, NY 13350'),
(129, 'Gloria Hayes', 41, 'Female', 'B+', '455-6789', '1000 State Route 36, Hornell, NY 14843'),
(130, 'Bruce Foster', 54, 'Male', 'B+', '655-6787', '990 Route 5 20, Geneva, NY 14456'),
(131, 'Katherine Gonzales', 28, 'Female', 'O-', '755-8771', '311 RT 9W, Glenmont, NY 12077'),
(132, 'Joe Bryant', 42, 'Male', 'AB+', '855-4330', '200 Dutch Meadows Ln, Glenville, NY 12302'),
(133, 'Theresa Alexander', 35, 'Female', 'A-', '955-6788', '100 Elm Ridge Center Dr, Greece, NY 14626'),
(134, 'Billy Russell', 48, 'Male', 'B-', '550-3460', '1549 Rt 9, Halfmoon, NY 12065'),
(135, 'Janice Griffin', 39, 'Female', 'O+', '551-7900', '5360 Southwestern Blvd, Hamburg, NY 14075'),
(136, 'Johnny Diaz', 50, 'Male', 'A+', '552-2351', '103 North Caroline St, Herkimer, NY 13350'),
(137, 'Gloria Hayes', 41, 'Female', 'B+', '553-6789', '1000 State Route 36, Hornell, NY 14843'),
(138, 'Bruce Foster', 54, 'Male', 'B+', '554-6787', '990 Route 5 20, Geneva, NY 14456'),
(139, 'Katherine Gonzales', 28, 'Female', 'O-', '557-8771', '311 RT 9W, Glenmont, NY 12077'),
(140, 'Joe Bryant', 42, 'Male', 'AB+', '556-4330', '200 Dutch Meadows Ln, Glenville, NY 12302'),
(141, 'Theresa Alexander', 35, 'Female', 'A-', '558-6788', '100 Elm Ridge Center Dr, Greece, NY 14626'),
(142, 'Billy Russell', 48, 'Male', 'B-', '559-3460', '1549 Rt 9, Halfmoon, NY 12065'),
(143, 'Janice Griffin', 39, 'Female', 'O+', '123-7900', '5360 Southwestern Blvd, Hamburg, NY 14075'),
(144, 'Johnny Diaz', 50, 'Male', 'A+', '456-2351', '103 North Caroline St, Herkimer, NY 13350'),
(145, 'Gloria Hayes', 41, 'Female', 'B+', '789-6789', '1000 State Route 36, Hornell, NY 14843'),
(146, 'Bruce Foster', 54, 'Male', 'B+', '034-6787', '990 Route 5 20, Geneva, NY 14456'),
(147, 'Katherine Gonzales', 28, 'Female', 'O-', '020-8771', '311 RT 9W, Glenmont, NY 12077'),
(148, 'Joe Bryant', 42, 'Male', 'AB+', '100-4330', '200 Dutch Meadows Ln, Glenville, NY 12302'),
(149, 'Theresa Alexander', 35, 'Female', 'A-', '200-6788', '100 Elm Ridge Center Dr, Greece, NY 14626'),
(150, 'Billy Russell', 48, 'Male', 'B-', '300-3460', '1549 Rt 9, Halfmoon, NY 12065');

INSERT INTO doctors (doctor_id, name, specialization, contact_number, email) VALUES
(1, 'Dr. Arjun Mehta', 'Cardiology', '9876543210', 'arjun.mehta@example.com'),
(2, 'Dr. Priya Nair', 'Dermatology', '9876543211', 'priya.nair@example.com'),
(3, 'Dr. Sameer Gupta', 'Endocrinology', '9876543212', 'sameer.gupta@example.com'),
(4, 'Dr. Anjali Sharma', 'Gastroenterology', '9876543213', 'anjali.sharma@example.com'),
(5, 'Dr. Vikram Singh', 'Neurology', '9876543214', 'vikram.singh@example.com'),
(6, 'Dr. Neha Joshi', 'Oncology', '9876543215', 'neha.joshi@example.com'),
(7, 'Dr. Rohan Patel', 'Pediatrics', '9876543216', 'rohan.patel@example.com'),
(8, 'Dr. Kavita Rao', 'Psychiatry', '9876543217', 'kavita.rao@example.com'),
(9, 'Dr. Amit Desai', 'Radiology', '9876543218', 'amit.desai@example.com'),
(10, 'Dr. Suman Verma', 'Rheumatology', '9876543219', 'suman.verma@example.com'),
(11, 'Dr. Pooja Iyer', 'Nephrology', '9876543220', 'pooja.iyer@example.com'),
(12, 'Dr. Rajesh Kulkarni', 'Ophthalmology', '9876543221', 'rajesh.kulkarni@example.com'),
(13, 'Dr. Sneha Menon', 'Orthopedic Surgery', '9876543222', 'sneha.menon@example.com'),
(14, 'Dr. Tarun Aggarwal', 'Pulmonology', '9876543223', 'tarun.aggarwal@example.com'),
(15, 'Dr. Meera Chatterjee', 'Urology', '9876543224', 'meera.chatterjee@example.com'),
(16, 'Dr. Anil Kapoor', 'Cardiology', '9876543225', 'anil.kapoor@example.com'),
(17, 'Dr. Sunita Reddy', 'Dermatology', '9876543226', 'sunita.reddy@example.com'),
(18, 'Dr. Manoj Bhatia', 'Endocrinology', '9876543227', 'manoj.bhatia@example.com'),
(19, 'Dr. Asha Pillai', 'Gastroenterology', '9876543228', 'asha.pillai@example.com'),
(20, 'Dr. Deepak Malhotra', 'Neurology', '9876543229', 'deepak.malhotra@example.com'),
(21, 'Dr. Swati Saxena', 'Oncology', '9876543230', 'swati.saxena@example.com'),
(22, 'Dr. Nitin Sinha', 'Pediatrics', '9876543231', 'nitin.sinha@example.com'),
(23, 'Dr. Vandana Kapoor', 'Psychiatry', '9876543232', 'vandana.kapoor@example.com'),
(24, 'Dr. Abhay Joshi', 'Radiology', '9876543233', 'abhay.joshi@example.com'),
(25, 'Dr. Shalini Gupta', 'Rheumatology', '9876543234', 'shalini.gupta@example.com'),
(26, 'Dr. Karan Thakur', 'Nephrology', '9876543235', 'karan.thakur@example.com'),
(27, 'Dr. Lata Deshmukh', 'Ophthalmology', '9876543236', 'lata.deshmukh@example.com'),
(28, 'Dr. Arvind Nair', 'Orthopedic Surgery', '9876543237', 'arvind.nair@example.com'),
(29, 'Dr. Preeti Kaur', 'Pulmonology', '9876543238', 'preeti.kaur@example.com'),
(30, 'Dr. Sanjay Dubey', 'Urology', '9876543239', 'sanjay.dubey@example.com'),
(31, 'Dr. Rakesh Mehta', 'Cardiology', '9876543240', 'rakesh.mehta@example.com'),
(32, 'Dr. Anuja Nair', 'Dermatology', '9876543241', 'anuja.nair@example.com'),
(33, 'Dr. Suresh Gupta', 'Endocrinology', '9876543242', 'suresh.gupta@example.com'),
(34, 'Dr. Ananya Sharma', 'Gastroenterology', '9876543243', 'ananya.sharma@example.com'),
(35, 'Dr. Vikas Singh', 'Neurology', '9876543244', 'vikas.singh@example.com'),
(36, 'Dr. Neeta Joshi', 'Oncology', '9876543245', 'neeta.joshi@example.com'),
(37, 'Dr. Rahul Patel', 'Pediatrics', '9876543246', 'rahul.patel@example.com'),
(38, 'Dr. Kavya Rao', 'Psychiatry', '9876543247', 'kavya.rao@example.com'),
(39, 'Dr. Amitabh Desai', 'Radiology', '9876543248', 'amitabh.desai@example.com'),
(40, 'Dr. Sumitra Verma', 'Rheumatology', '9876543249', 'sumitra.verma@example.com'),
(41, 'Dr. Poonam Iyer', 'Nephrology', '9876543250', 'poonam.iyer@example.com'),
(42, 'Dr. Ramesh Kulkarni', 'Ophthalmology', '9876543251', 'ramesh.kulkarni@example.com'),
(43, 'Dr. Snehal Menon', 'Orthopedic Surgery', '9876543252', 'snehal.menon@example.com'),
(44, 'Dr. Tarini Aggarwal', 'Pulmonology', '9876543253', 'tarini.aggarwal@example.com'),
(45, 'Dr. Meenakshi Chatterjee', 'Urology', '9876543254', 'meenakshi.chatterjee@example.com'),
(46, 'Dr. Anup Kapoor', 'Cardiology', '9876543255', 'anup.kapoor@example.com'),
(47, 'Dr. Sunil Reddy', 'Dermatology', '9876543256', 'sunil.reddy@example.com'),
(48, 'Dr. Manoj Bhatnagar', 'Endocrinology', '9876543257', 'manoj.bhatnagar@example.com'),
(49, 'Dr. Asha Menon', 'Gastroenterology', '9876543258', 'asha.menon@example.com'),
(50, 'Dr. Deepak Sharma', 'Neurology', '9876543259', 'deepak.sharma@example.com');

 INSERT INTO admissions (admission_id, patient_id, admission_date, discharge_date, reason, hospital_department, doctor_id) VALUES
(1, 1, '2024-01-05', '2024-01-10', 'Chest Pain', 'Cardiology', 1),
(2, 2, '2024-01-07', '2024-01-12', 'Skin Rash', 'Dermatology', 2),
(3, 3, '2024-01-10', '2024-01-15', 'Diabetes Management', 'Endocrinology', 3),
(4, 4, '2024-01-12', '2024-01-18', 'Abdominal Pain', 'Gastroenterology', 4),
(5, 5, '2024-01-15', '2024-01-20', 'Migraine', 'Neurology', 5),
(6, 6, '2024-01-18', '2024-01-25', 'Cancer Treatment', 'Oncology', 6),
(7, 7, '2024-01-20', '2024-01-27', 'Child Fever', 'Pediatrics', 7),
(8, 8, '2024-01-22', '2024-01-28', 'Anxiety Disorder', 'Psychiatry', 8),
(9, 9, '2024-01-25', '2024-01-30', 'Fracture', 'Orthopedic Surgery', 13),
(10, 10, '2024-01-28', '2024-02-02', 'Asthma', 'Pulmonology', 14),
(11, 11, '2024-01-30', '2024-02-05', 'Kidney Stones', 'Urology', 15),
(12, 12, '2024-02-02', '2024-02-08', 'Eye Infection', 'Ophthalmology', 12),
(13, 13, '2024-02-05', '2024-02-10', 'Arthritis', 'Rheumatology', 10),
(14, 14, '2024-02-07', '2024-02-12', 'Kidney Failure', 'Nephrology', 11),
(15, 15, '2024-02-10', '2024-02-15', 'Broken Arm', 'Orthopedic Surgery', 13),
(16, 16, '2024-02-12', '2024-02-18', 'Pneumonia', 'Pulmonology', 14),
(17, 17, '2024-02-15', '2024-02-20', 'Urinary Tract Infection', 'Urology', 15),
(18, 18, '2024-02-18', '2024-02-25', 'Cataract Surgery', 'Ophthalmology', 12),
(19, 19, '2024-02-20', '2024-02-27', 'Rheumatoid Arthritis', 'Rheumatology', 10),
(20, 20, '2024-02-22', '2024-02-28', 'Hypertension', 'Cardiology', 1),
(21, 21, '2024-02-25', '2024-03-02', 'Eczema', 'Dermatology', 2),
(22, 22, '2024-02-28', '2024-03-05', 'Thyroid Disorder', 'Endocrinology', 3),
(23, 23, '2024-03-02', '2024-03-08', 'Liver Disease', 'Gastroenterology', 4),
(24, 24, '2024-03-05', '2024-03-10', 'Seizures', 'Neurology', 5),
(25, 25, '2024-03-07', '2024-03-12', 'Breast Cancer', 'Oncology', 6),
(26, 26, '2024-03-10', '2024-03-15', 'Child Asthma', 'Pediatrics', 7),
(27, 27, '2024-03-12', '2024-03-18', 'Depression', 'Psychiatry', 8),
(28, 28, '2024-03-15', '2024-03-20', 'Hip Replacement', 'Orthopedic Surgery', 13),
(29, 29, '2024-03-18', '2024-03-25', 'Chronic Bronchitis', 'Pulmonology', 14),
(30, 30, '2024-03-20', '2024-03-27', 'Prostate Issues', 'Urology', 15),
(31, 31, '2024-03-22', '2024-03-28', 'Glaucoma', 'Ophthalmology', 12),
(32, 32, '2024-03-25', '2024-03-30', 'Osteoporosis', 'Rheumatology', 10),
(33, 33, '2024-03-28', '2024-04-02', 'Renal Disease', 'Nephrology', 11),
(34, 34, '2024-03-30', '2024-04-05', 'Spinal Surgery', 'Orthopedic Surgery', 13),
(35, 35, '2024-04-02', '2024-04-08', 'COPD', 'Pulmonology', 14),
(36, 36, '2024-04-05', '2024-04-10', 'Bladder Infection', 'Urology', 15),
(37, 37, '2024-04-07', '2024-04-12', 'Macular Degeneration', 'Ophthalmology', 12),
(38, 38, '2024-04-10', '2024-04-15', 'Lupus', 'Rheumatology', 10),
(39, 39, '2024-04-12', '2024-04-18', 'Dialysis', 'Nephrology', 11),
(40, 40, '2024-04-15', '2024-04-20', 'Heart Attack', 'Cardiology', 1), 
(41, 41, '2024-04-18', '2024-04-25', 'Psoriasis', 'Dermatology', 17),
(42, 42, '2024-04-20', '2024-04-27', 'Thyroid Disorder', 'Endocrinology', 18),
(43, 43, '2024-04-22', '2024-04-28', 'Liver Cirrhosis', 'Gastroenterology', 19),
(44, 44, '2024-04-25', '2024-05-02', 'Epilepsy', 'Neurology', 20),
(45, 45, '2024-04-28', '2024-05-05', 'Leukemia', 'Oncology', 21),
(46, 46, '2024-05-01', '2024-05-08', 'Child Obesity', 'Pediatrics', 22),
(47, 47, '2024-05-03', '2024-05-10', 'Bipolar Disorder', 'Psychiatry', 23),
(48, 48, '2024-05-05', '2024-05-12', 'Bone Fracture', 'Orthopedic Surgery', 28),
(49, 49, '2024-05-08', '2024-05-15', 'Chronic Cough', 'Pulmonology', 29),
(50, 50, '2024-05-10', '2024-05-17', 'Kidney Infection', 'Urology', 30),
(51, 51, '2024-05-12', '2024-05-19', 'Retinal Detachment', 'Ophthalmology', 27),
(52, 52, '2024-05-15', '2024-05-22', 'Gout', 'Rheumatology', 25),
(53, 53, '2024-05-18', '2024-05-25', 'Kidney Transplant', 'Nephrology', 26),
(54, 54, '2024-05-20', '2024-05-27', 'Spinal Stenosis', 'Orthopedic Surgery', 28),
(55, 55, '2024-05-22', '2024-05-29', 'Emphysema', 'Pulmonology', 29),
(56, 56, '2024-05-25', '2024-06-01', 'Prostate Cancer', 'Urology', 30),
(57, 57, '2024-05-28', '2024-06-04', 'Diabetic Retinopathy', 'Ophthalmology', 27),
(58, 58, '2024-05-30', '2024-06-06', 'Scleroderma', 'Rheumatology', 25),
(59, 59, '2024-06-02', '2024-06-09', 'Acute Renal Failure', 'Nephrology', 26),
(60, 60, '2024-06-05', '2024-06-12', 'Heart Failure', 'Cardiology', 31),
(61, 61, '2024-06-07', '2024-06-14', 'Acne Vulgaris', 'Dermatology', 32),
(62, 62, '2024-06-10', '2024-06-17', 'Adrenal Insufficiency', 'Endocrinology', 33),
(63, 63, '2024-06-12', '2024-06-19', 'Peptic Ulcer', 'Gastroenterology', 34),
(64, 64, '2024-06-15', '2024-06-22', 'Parkinson\'s Disease', 'Neurology', 35),
(65, 65, '2024-06-18', '2024-06-25', 'Lymphoma', 'Oncology', 36),
(66, 66, '2024-06-20', '2024-06-27', 'Child Allergies', 'Pediatrics', 37),
(67, 67, '2024-06-22', '2024-06-29', 'Schizophrenia', 'Psychiatry', 38),
(68, 68, '2024-06-25', '2024-07-02', 'Knee Replacement', 'Orthopedic Surgery', 43),
(69, 69, '2024-06-28', '2024-07-05', 'Tuberculosis', 'Pulmonology', 44),
(70, 70, '2024-07-01', '2024-07-08', 'Renal Colic', 'Urology', 45),
(71, 71, '2024-07-03', '2024-07-10', 'Corneal Ulcer', 'Ophthalmology', 42),
(72, 72, '2024-07-05', '2024-07-12', 'Fibromyalgia', 'Rheumatology', 40),
(73, 73, '2024-07-08', '2024-07-15', 'Chronic Kidney Disease', 'Nephrology', 41),
(74, 74, '2024-07-10', '2024-07-17', 'Ankle Fracture', 'Orthopedic Surgery', 43),
(75, 75, '2024-07-12', '2024-07-19', 'Bronchitis', 'Pulmonology', 44),
(76, 76, '2024-07-15', '2024-07-22', 'Urinary Incontinence', 'Urology', 45),
(77, 77, '2024-07-18', '2024-07-25', 'Glaucoma Surgery', 'Ophthalmology', 42),
(78, 78, '2024-07-20', '2024-07-27', 'Psoriatic Arthritis', 'Rheumatology', 40),
(79, 79, '2024-07-22', '2024-07-29', 'Psoriatic Arthritis', 'Rheumatology', 40),
(80, 80, '2024-07-25', '2024-08-01', 'Kidney Transplant Evaluation', 'Nephrology', 41),
(81, 81, '2024-07-28', '2024-08-04', 'Spinal Fusion Surgery', 'Orthopedic Surgery', 43),
(82, 82, '2024-08-01', '2024-08-08', 'Chronic Obstructive Pulmonary Disease', 'Pulmonology', 44),
(83, 83, '2024-08-04', '2024-08-11', 'Bladder Cancer', 'Urology', 45),
(84, 84, '2024-08-07', '2024-08-14', 'Diabetic Eye Disease', 'Ophthalmology', 42),
(85, 85, '2024-08-10', '2024-08-17', 'Systemic Lupus Erythematosus', 'Rheumatology', 40),
(86, 86, '2024-08-13', '2024-08-20', 'Chronic Kidney Failure', 'Nephrology', 41),
(87, 87, '2024-08-16', '2024-08-23', 'Shoulder Replacement', 'Orthopedic Surgery', 43),
(88, 88, '2024-08-19', '2024-08-26', 'Pulmonary Fibrosis', 'Pulmonology', 44),
(89, 89, '2024-08-22', '2024-08-29', 'Testicular Cancer', 'Urology', 45),
(90, 90, '2024-08-25', '2024-09-01', 'Retinopathy', 'Ophthalmology', 42),
(91, 91, '2024-08-28', '2024-09-04', 'Ankylosing Spondylitis', 'Rheumatology', 40),
(92, 92, '2024-09-01', '2024-09-08', 'Nephrotic Syndrome', 'Nephrology', 41),
(93, 93, '2024-09-04', '2024-09-11', 'ACL Reconstruction', 'Orthopedic Surgery', 43),
(94, 94, '2024-09-07', '2024-09-14', 'Chronic Asthma', 'Pulmonology', 44),
(95, 95, '2024-09-10', '2024-09-17', 'Kidney Stone Removal', 'Urology', 45),
(96, 96, '2024-09-13', '2024-09-20', 'Cataract Removal', 'Ophthalmology', 42),
(97, 97, '2024-09-16', '2024-09-23', 'Rheumatic Fever', 'Rheumatology', 40),
(98, 98, '2024-09-19', '2024-09-26', 'Acute Kidney Injury', 'Nephrology', 41),
(99, 99, '2024-09-22', '2024-09-29', 'Meniscus Tear Repair', 'Orthopedic Surgery', 43),
(100, 100, '2024-09-25', '2024-10-02', 'Chronic Bronchial Asthma', 'Pulmonology', 44),
(101, 101, '2024-09-28', '2024-10-05', 'Urinary Retention', 'Urology', 45),
(102, 102, '2024-10-01', '2024-10-08', 'Glaucoma Treatment', 'Ophthalmology', 42),
(103, 103, '2024-10-04', '2024-10-11', 'Juvenile Arthritis', 'Rheumatology', 40),
(104, 104, '2024-10-07', '2024-10-14', 'Chronic Renal Insufficiency', 'Nephrology', 41),
(105, 105, '2024-10-10', '2024-10-17', 'Hip Arthroscopy', 'Orthopedic Surgery', 43),
(106, 106, '2024-10-13', '2024-10-20', 'Severe Asthma Attack', 'Pulmonology', 44),
(107, 107, '2024-10-16', '2024-10-23', 'Bladder Stone Removal', 'Urology', 45),
(108, 108, '2024-10-19', '2024-10-26', 'Macular Edema', 'Ophthalmology', 42),
(109, 109, '2024-10-22', '2024-10-29', 'Osteoarthritis', 'Rheumatology', 40),
(110, 110, '2024-10-25', '2024-11-01', 'Chronic Kidney Disease Stage 4', 'Nephrology', 41),
(111, 111, '2024-10-28', '2024-11-04', 'Rotator Cuff Repair', 'Orthopedic Surgery', 43),
(112, 112, '2024-11-01', '2024-11-08', 'Chronic Respiratory Failure', 'Pulmonology', 44),
(113, 113, '2024-11-04', '2024-11-11', 'Prostate Enlargement', 'Urology', 45),
(114, 114, '2024-11-07', '2024-11-14', 'Diabetic Macular Edema', 'Ophthalmology', 42),
(115, 115, '2024-11-10', '2024-11-17', 'Gouty Arthritis', 'Rheumatology', 40),
(116, 116, '2024-11-13', '2024-11-20', 'Chronic Fatigue Syndrome', 'Internal Medicine', 30),
(117, 117, '2024-11-16', '2024-11-23', 'Severe Acne', 'Dermatology', 32),
(118, 118, '2024-11-19', '2024-11-26', 'Hyperthyroidism', 'Endocrinology', 33),
(119, 119, '2024-11-22', '2024-11-29', 'Irritable Bowel Syndrome', 'Gastroenterology', 34),
(120, 120, '2024-11-25', '2024-12-02', 'Multiple Sclerosis', 'Neurology', 35),
(121, 121, '2024-11-28', '2024-12-05', 'Ovarian Cancer', 'Oncology', 36),
(122, 122, '2024-12-01', '2024-12-08', 'Childhood Asthma', 'Pediatrics', 37),
(123, 123, '2024-12-04', '2024-12-11', 'Obsessive-Compulsive Disorder', 'Psychiatry', 38),
(124, 124, '2024-12-07', '2024-12-14', 'Hip Fracture', 'Orthopedic Surgery', 43),
(125, 125, '2024-12-10', '2024-12-17', 'Chronic Obstructive Pulmonary Disease', 'Pulmonology', 44),
(126, 126, '2024-12-13', '2024-12-20', 'Kidney Cyst', 'Urology', 45),
(127, 127, '2024-12-16', '2024-12-23', 'Retinal Tear', 'Ophthalmology', 42),
(128, 128, '2024-12-19', '2024-12-26', 'Sjögren\'s Syndrome', 'Rheumatology', 40),
(129, 129, '2024-12-22', '2024-12-29', 'Chronic Kidney Disease', 'Nephrology', 41),
(130, 130, '2024-12-25', '2025-01-01', 'Spinal Disc Herniation', 'Orthopedic Surgery', 43),
(131, 131, '2024-12-28', '2025-01-04', 'Pulmonary Embolism', 'Pulmonology', 44),
(132, 132, '2025-01-01', '2025-01-08', 'Prostatitis', 'Urology', 45),
(133, 133, '2025-01-04', '2025-01-11', 'Macular Degeneration', 'Ophthalmology', 42),
(134, 134, '2025-01-07', '2025-01-14', 'Vasculitis', 'Rheumatology', 40),
(135, 135, '2025-01-10', '2025-01-17', 'Nephritis', 'Nephrology', 41),
(136, 136, '2025-01-13', '2025-01-20', 'Rotator Cuff Injury', 'Orthopedic Surgery', 43),
(137, 137, '2025-01-16', '2025-01-23', 'Chronic Sinusitis', 'Pulmonology', 44),
(138, 138, '2025-01-19', '2025-01-26', 'Bladder Prolapse', 'Urology', 45),
(139, 139, '2025-01-22', '2025-01-29', 'Diabetic Retinopathy', 'Ophthalmology', 42),
(140, 140, '2025-01-25', '2025-02-01', 'Ankylosing Spondylitis', 'Rheumatology', 40),
(141, 141, '2025-01-28', '2025-02-04', 'Polycystic Kidney Disease', 'Nephrology', 41),
(142, 142, '2025-01-31', '2025-02-07', 'Meniscus Tear', 'Orthopedic Surgery', 43),
(143, 143, '2025-02-03', '2025-02-10', 'Chronic Bronchitis', 'Pulmonology', 44),
(144, 144, '2025-02-06', '2025-02-13', 'Erectile Dysfunction', 'Urology', 45),
(145, 145, '2025-02-09', '2025-02-16', 'Glaucoma', 'Ophthalmology', 42),
(146, 146, '2025-02-12', '2025-02-19', 'Psoriatic Arthritis', 'Rheumatology', 40),
(147, 147, '2025-02-15', '2025-02-22', 'Renal Hypertension', 'Nephrology', 41),
(148, 148, '2025-02-18', '2025-02-25', 'ACL Tear', 'Orthopedic Surgery', 43),
(149, 149, '2025-02-21', '2025-02-28', 'Sleep Apnea', 'Pulmonology', 44),
(150, 150, '2025-02-24', '2025-03-03', 'Testicular Torsion', 'Urology', 45);


INSERT INTO treatments (admission_id, patient_id, treatment_name, medication, dosage, treatment_date, department, doctor_id) VALUES
(1, 1, 'Cardiac Catheterization', 'Heparin', '5000 units IV', '2024-01-06', 'Cardiology', 1),
(2, 2, 'Topical Steroid Application', 'Hydrocortisone Cream', 'Apply twice daily', '2024-01-08', 'Dermatology', 2),
(3, 3, 'Insulin Therapy', 'Insulin Glargine', '10 units at bedtime', '2024-01-11', 'Endocrinology', 3),
(4, 4, 'Endoscopy Procedure', 'Omeprazole', '20 mg daily', '2024-01-13', 'Gastroenterology', 4),
(5, 5, 'Migraine Management', 'Sumatriptan', '50 mg as needed', '2024-01-16', 'Neurology', 5),
(6, 6, 'Chemotherapy Session', 'Cyclophosphamide', '500 mg/m² IV', '2024-01-19', 'Oncology', 6),
(7, 7, 'Pediatric Fever Management', 'Paracetamol', '15 mg/kg every 6 hours', '2024-01-21', 'Pediatrics', 7),
(8, 8, 'Anxiety Counseling', 'Sertraline', '50 mg daily', '2024-01-23', 'Psychiatry', 8),
(9, 9, 'Fracture Reduction', 'Ibuprofen', '400 mg every 8 hours', '2024-01-26', 'Orthopedic Surgery', 13),
(10, 10, 'Asthma Inhalation Therapy', 'Albuterol Inhaler', '2 puffs every 4 hours as needed', '2024-01-29', 'Pulmonology', 14),
(11, 11, 'Kidney Stone Management', 'Tamsulosin', '0.4 mg daily', '2024-02-03', 'Urology', 15),
(12, 12, 'Cataract Surgery', 'N/A', 'N/A', '2024-02-06', 'Ophthalmology', 12),
(13, 13, 'Arthritis Treatment', 'Methotrexate', '15 mg weekly', '2024-02-09', 'Rheumatology', 10),
(14, 14, 'Dialysis Session', 'N/A', 'N/A', '2024-02-11', 'Nephrology', 11),
(15, 15, 'Hip Replacement Surgery', 'N/A', 'N/A', '2024-02-14', 'Orthopedic Surgery', 13),
(16, 16, 'Pneumonia Treatment', 'Azithromycin', '500 mg daily for 5 days', '2024-02-17', 'Pulmonology', 14),
(17, 17, 'UTI Treatment', 'Ciprofloxacin', '500 mg twice daily for 7 days', '2024-02-19', 'Urology', 15),
(18, 18, 'Glaucoma Management', 'Latanoprost Eye Drops', 'One drop in each eye at bedtime', '2024-02-22', 'Ophthalmology', 12),
(19, 19, 'Rheumatoid Arthritis Therapy', 'Adalimumab', '40 mg subcutaneously every other week', '2024-02-26', 'Rheumatology', 10),
(20, 20, 'Hypertension Control', 'Lisinopril', '10 mg daily', '2024-02-29', 'Cardiology', 1),
(21, 21, 'Psoriasis Treatment', 'Topical Corticosteroids', 'Apply twice daily', '2024-04-19', 'Dermatology', 17),
(22, 22, 'Thyroid Hormone Replacement', 'Levothyroxine', '50 mcg daily', '2024-04-21', 'Endocrinology', 18),
(23, 23, 'Liver Biopsy', 'N/A', 'N/A', '2024-04-23', 'Gastroenterology', 19),
(24, 24, 'EEG Monitoring', 'N/A', 'N/A', '2024-04-26', 'Neurology', 20),
(25, 25, 'Chemotherapy for Leukemia', 'Daunorubicin', '45 mg/m² IV daily for 3 days', '2024-04-29', 'Oncology', 21),
(26, 26, 'Pediatric Asthma Management', 'Montelukast', '5 mg daily', '2024-05-02', 'Pediatrics', 22),
(27, 27, 'Mood Stabilization Therapy', 'Lithium Carbonate', '300 mg twice daily', '2024-05-04', 'Psychiatry', 23),
(28, 28, 'Open Reduction and Internal Fixation', 'N/A', 'N/A', '2024-05-06', 'Orthopedic Surgery', 28),
(29, 29, 'Bronchodilator Therapy', 'Tiotropium', '18 mcg inhaled daily', '2024-05-09', 'Pulmonology', 29),
(30, 30, 'Nephrectomy', 'N/A', 'N/A', '2024-05-11', 'Urology', 30),
(31, 31, 'Retinal Detachment Repair', 'N/A', 'N/A', '2024-05-13', 'Ophthalmology', 27),
(32, 32, 'Gout Management', 'Allopurinol', '300 mg daily', '2024-05-16', 'Rheumatology', 25),
(33, 33, 'Kidney Transplant Surgery', 'N/A', 'N/A', '2024-05-19', 'Nephrology', 26),
(34, 34, 'Spinal Fusion', 'N/A', 'N/A', '2024-05-21', 'Orthopedic Surgery', 28),
(35, 35, 'COPD Management', 'Salmeterol', '50 mcg inhaled twice daily', '2024-05-23', 'Pulmonology', 29),
(36, 36, 'Bladder Tumor Resection', 'N/A', 'N/A', '2024-05-26', 'Urology', 30),
(37, 37, 'Laser Photocoagulation for Diabetic Retinopathy', 'N/A', 'N/A', '2024-05-29', 'Ophthalmology', 27),
(38, 38, 'Systemic Lupus Erythematosus Treatment', 'Hydroxychloroquine', '200 mg twice daily', '2024-06-01', 'Rheumatology', 25),
(39, 39, 'Hemodialysis', 'N/A', 'N/A', '2024-06-04', 'Nephrology', 26),
(40, 40, 'Percutaneous Coronary Intervention', 'Clopidogrel', '75 mg daily', '2024-06-06', 'Cardiology', 31),
(41, 41, 'Acne Treatment', 'Doxycycline', '100 mg twice daily', '2024-06-08', 'Dermatology', 32),
(42, 42, 'Radioactive Iodine Therapy', 'I-131', 'Dose per protocol', '2024-06-11', 'Endocrinology', 33),
(43, 43, 'Hepatitis C Antiviral Therapy', 'Sofosbuvir', '400 mg daily', '2024-06-13', 'Gastroenterology', 34),
(44, 44, 'Parkinson\'s Disease Management', 'Carbidopa/Levodopa', '25/100 mg three times daily', '2024-06-16', 'Neurology', 35),
(45, 45, 'Chemotherapy for Lymphoma', 'Rituximab', '375 mg/m² IV weekly for 4 weeks', '2024-06-19', 'Oncology', 36),
(46, 46, 'Allergy Testing and Immunotherapy', 'Allergen Extracts', 'Dose per protocol', '2024-06-21', 'Pediatrics', 37),
(47, 47, 'Antipsychotic Medication Management', 'Olanzapine', '10 mg daily', '2024-06-23', 'Psychiatry', 38),
(48, 48, 'Knee Arthroscopy', 'N/A', 'N/A', '2024-06-26', 'Orthopedic Surgery', 43),
(49, 49, 'Tuberculosis Treatment', 'Isoniazid', '300 mg daily for 6 months', '2024-06-29', 'Pulmonology', 44),
(50, 50, 'Extracorporeal Shock Wave Lithotripsy', 'N/A', 'N/A', '2024-07-02', 'Urology', 45),
(51, 51, 'Corneal Transplant', 'N/A', 'N/A', '2024-07-05', 'Ophthalmology', 42),
(52, 52, 'Fibromyalgia Management', 'Pregabalin', '75 mg twice daily', '2024-07-08', 'Rheumatology', 40),
(53, 53, 'Chronic Kidney Disease Management', 'Erythropoietin', 'Dose per protocol', '2024-07-11', 'Nephrology', 41),
(54, 54, 'Lumbar Decompression Surgery', 'General Anesthesia', 'As per protocol', '2024-05-21', 'Orthopedic Surgery', 28),
(55, 55, 'Pulmonary Rehabilitation', 'Bronchodilators', 'As prescribed', '2024-05-23', 'Pulmonology', 29),
(56, 56, 'Prostatectomy', 'Leuprolide', '7.5 mg monthly', '2024-05-26', 'Urology', 30),
(57, 57, 'Laser Photocoagulation', 'N/A', 'N/A', '2024-05-29', 'Ophthalmology', 27),
(58, 58, 'Immunosuppressive Therapy', 'Methotrexate', '15 mg weekly', '2024-06-01', 'Rheumatology', 25),
(59, 59, 'Renal Replacement Therapy', 'Dialysis', 'As per schedule', '2024-06-03', 'Nephrology', 26),
(60, 60, 'Cardiac Resynchronization Therapy', 'Beta-Blockers', 'As prescribed', '2024-06-06', 'Cardiology', 31),
(61, 61, 'Topical Retinoid Therapy', 'Tretinoin Cream', 'Apply nightly', '2024-06-08', 'Dermatology', 32),
(62, 62, 'Hormone Replacement Therapy', 'Hydrocortisone', '20 mg daily', '2024-06-11', 'Endocrinology', 33),
(63, 63, 'H. pylori Eradication Therapy', 'Omeprazole, Amoxicillin, Clarithromycin', 'As prescribed', '2024-06-13', 'Gastroenterology', 34),
(64, 64, 'Levodopa Therapy', 'Levodopa/Carbidopa', '100/25 mg three times daily', '2024-06-16', 'Neurology', 35),
(65, 65, 'Chemotherapy', 'CHOP Regimen', 'As per protocol', '2024-06-19', 'Oncology', 36),
(66, 66, 'Allergen Immunotherapy', 'Allergy Shots', 'As scheduled', '2024-06-21', 'Pediatrics', 37),
(67, 67, 'Antipsychotic Medication', 'Risperidone', '2 mg daily', '2024-06-24', 'Psychiatry', 38),
(68, 68, 'Total Knee Arthroplasty', 'General Anesthesia', 'As per protocol', '2024-06-27', 'Orthopedic Surgery', 43),
(69, 69, 'Antitubercular Therapy', 'Isoniazid, Rifampin, Pyrazinamide, Ethambutol', 'As prescribed', '2024-06-30', 'Pulmonology', 44),
(70, 70, 'Extracorporeal Shock Wave Lithotripsy', 'Analgesics', 'As needed', '2024-07-03', 'Urology', 45),
(71, 71, 'Antifungal Eye Drops', 'Natamycin', 'One drop every 4 hours', '2024-07-05', 'Ophthalmology', 42),
(72, 72, 'Pain Management', 'Pregabalin', '75 mg twice daily', '2024-07-08', 'Rheumatology', 40),
(73, 73, 'Erythropoiesis-Stimulating Agents', 'Epoetin Alfa', '4000 units weekly', '2024-07-11', 'Nephrology', 41),
(74, 74, 'Open Reduction and Internal Fixation', 'Antibiotics', 'As prescribed', '2024-07-13', 'Orthopedic Surgery', 43),
(75, 75, 'Bronchodilator Therapy', 'Albuterol Inhaler', '2 puffs every 4 hours as needed', '2024-07-16', 'Pulmonology', 44),
(76, 76, 'Pelvic Floor Muscle Training', 'N/A', 'N/A', '2024-07-18', 'Urology', 45),
(77, 77, 'Trabeculectomy', 'Postoperative Antibiotics', 'As prescribed', '2024-07-21', 'Ophthalmology', 42),
(78, 78, 'DMARD Therapy', 'Sulfasalazine', '500 mg twice daily', '2024-07-23', 'Rheumatology', 40),
(79, 79, 'DMARD Therapy', 'Sulfasalazine', '500 mg twice daily', '2024-07-26', 'Rheumatology', 40),
(80, 80, 'Pre-Transplant Evaluation', 'N/A', 'N/A', '2024-07-28', 'Nephrology', 41),
(81, 81, 'Spinal Fusion', 'Analgesics', 'As needed', '2024-07-31', 'Orthopedic Surgery', 43),
(82, 82, 'COPD Management', 'Tiotropium', '18 mcg inhaled daily', '2024-08-03', 'Pulmonology', 44),
(83, 83, 'Cystectomy', 'Chemotherapy', 'As per protocol', '2024-08-06', 'Urology', 45),
(84, 84, 'Laser Photocoagulation', 'N/A', 'N/A', '2024-08-09', 'Ophthalmology', 42),
(85, 85, 'Immunosuppressive Therapy', 'Mycophenolate Mofetil', '1 g twice daily', '2024-08-12', 'Rheumatology', 40),
(86, 86, 'Dialysis', 'N/A', 'N/A', '2024-08-15', 'Nephrology', 41),
(87, 87, 'Total Shoulder Arthroplasty', 'General Anesthesia', 'As per protocol', '2024-08-18', 'Orthopedic Surgery', 43),
(88, 88, 'Antifibrotic Therapy', 'Pirfenidone', '801 mg three times daily', '2024-08-20', 'Pulmonology', 44),
(89, 89, 'Orchiectomy and Chemotherapy', 'BEP Regimen (Bleomycin, Etoposide, Cisplatin)', 'As per protocol', '2024-08-23', 'Urology', 45),
(90, 90, 'Laser Photocoagulation', 'N/A', 'N/A', '2024-08-27', 'Ophthalmology', 42),
(91, 91, 'NSAID Therapy', 'Indomethacin', '75 mg daily', '2024-08-30', 'Rheumatology', 40),
(92, 92, 'Corticosteroid Therapy', 'Prednisone', '60 mg daily', '2024-09-02', 'Nephrology', 41),
(93, 93, 'Arthroscopic ACL Reconstruction', 'General Anesthesia', 'As per protocol', '2024-09-05', 'Orthopedic Surgery', 43),
(94, 94, 'Inhaled Corticosteroids', 'Fluticasone Propionate', '100 mcg twice daily', '2024-09-08', 'Pulmonology', 44),
(95, 95, 'Ureteroscopy with Laser Lithotripsy', 'N/A', 'N/A', '2024-09-11', 'Urology', 45),
(96, 96, 'Phacoemulsification with IOL Implantation', 'N/A', 'N/A', '2024-09-14', 'Ophthalmology', 42),
(97, 97, 'Antibiotic Therapy', 'Penicillin', '250 mg four times daily', '2024-09-17', 'Rheumatology', 40),
(98, 98, 'Renal Replacement Therapy', 'Hemodialysis', 'As per schedule', '2024-09-20', 'Nephrology', 41),
(99, 99, 'Arthroscopic Meniscus Repair', 'General Anesthesia', 'As per protocol', '2024-09-23', 'Orthopedic Surgery', 43),
(100, 100, 'Long-Acting Beta Agonists', 'Salmeterol', '50 mcg twice daily', '2024-09-26', 'Pulmonology', 44),
(101, 101, 'Catheterization and Medication', 'Bethanechol', '10 mg three times daily', '2024-09-29', 'Urology', 45),
(102, 102, 'Trabeculectomy Surgery', 'Postoperative Antibiotics', 'As prescribed', '2024-10-03', 'Ophthalmology', 42),
(103, 103, 'Disease-Modifying Antirheumatic Drugs', 'Methotrexate', '10 mg weekly', '2024-10-06', 'Rheumatology', 40),
(104, 104, 'Erythropoiesis-Stimulating Agents', 'Epoetin Alfa', '4000 units weekly', '2024-10-09', 'Nephrology', 41),
(105, 105, 'Hip Joint Arthroscopy', 'General Anesthesia', 'As per protocol', '2024-10-12', 'Orthopedic Surgery', 43),
(106, 106, 'Systemic Corticosteroids', 'Prednisolone', '40 mg daily', '2024-10-15', 'Pulmonology', 44),
(107, 107, 'Cystolitholapaxy', 'N/A', 'N/A', '2024-10-18', 'Urology', 45),
(108, 108, 'Intravitreal Injection', 'Bevacizumab', '1.25 mg', '2024-10-21', 'Ophthalmology', 42),
(109, 109, 'Physical Therapy and NSAIDs', 'Ibuprofen', '400 mg every 8 hours', '2024-10-24', 'Rheumatology', 40),
(110, 110, 'Management of CKD', 'ACE Inhibitors', 'As prescribed', '2024-10-27', 'Nephrology', 41),
(111, 111, 'Rotator Cuff Surgical Repair', 'General Anesthesia', 'As per protocol', '2024-10-30', 'Orthopedic Surgery', 43),
(112, 112, 'Non-Invasive Ventilation Support', 'N/A', 'N/A', '2024-11-02', 'Pulmonology', 44),
(113, 113, 'Alpha-Blocker Therapy', 'Tamsulosin', '0.4 mg daily', '2024-11-05', 'Urology', 45),
(114, 114, 'Intravitreal Anti-VEGF Injection', 'Ranibizumab', '0.5 mg', '2024-11-08', 'Ophthalmology', 42),
(115, 115, 'Urate-Lowering Therapy', 'Allopurinol', '300 mg daily', '2024-11-11', 'Rheumatology', 40),
(116, 116, 'Cognitive Behavioral Therapy', 'N/A', 'N/A', '2024-11-14', 'Internal Medicine', 30),
(117, 117, 'Oral Antibiotic Therapy', 'Doxycycline', '100 mg twice daily', '2024-11-17', 'Dermatology', 32),
(118, 118, 'Antithyroid Medication', 'Methimazole', '10 mg daily', '2024-11-20', 'Endocrinology', 33),
(119, 119, 'Dietary Modification and Antispasmodics', 'Dicyclomine', '20 mg four times daily', '2024-11-25', 'Gastroenterology', 34),
(120, 120, 'Disease-Modifying Therapy', 'Interferon Beta-1a', '30 mcg intramuscularly once weekly', '2024-11-28', 'Neurology', 35),
(121, 121, 'Debulking Surgery and Chemotherapy', 'Carboplatin and Paclitaxel', 'As per protocol', '2024-12-01', 'Oncology', 36),
(122, 122, 'Inhaled Corticosteroids', 'Fluticasone', '44 mcg two puffs twice daily', '2024-12-04', 'Pediatrics', 37),
(123, 123, 'Cognitive Behavioral Therapy', 'N/A', 'N/A', '2024-12-07', 'Psychiatry', 38),
(124, 124, 'Open Reduction and Internal Fixation', 'N/A', 'N/A', '2024-12-10', 'Orthopedic Surgery', 43),
(125, 125, 'Long-Acting Bronchodilators', 'Tiotropium', '18 mcg inhaled once daily', '2024-12-13', 'Pulmonology', 44),
(126, 126, 'Percutaneous Aspiration', 'N/A', 'N/A', '2024-12-16', 'Urology', 45),
(127, 127, 'Laser Retinopexy', 'N/A', 'N/A', '2024-12-19', 'Ophthalmology', 42),
(128, 128, 'Immunosuppressive Therapy', 'Hydroxychloroquine', '200 mg twice daily', '2024-12-22', 'Rheumatology', 40),
(129, 129, 'Angiotensin-Converting Enzyme Inhibitors', 'Lisinopril', '10 mg daily', '2024-12-25', 'Nephrology', 41),
(130, 130, 'Microdiscectomy', 'N/A', 'N/A', '2024-12-28', 'Orthopedic Surgery', 43),
(131, 131, 'Anticoagulation Therapy', 'Warfarin', '5 mg daily', '2025-01-01', 'Pulmonology', 44),
(132, 132, 'Antibiotic Therapy', 'Ciprofloxacin', '500 mg twice daily for 4 weeks', '2025-01-04', 'Urology', 45),
(133, 133, 'Anti-VEGF Injections', 'Ranibizumab', '0.5 mg intravitreal injection', '2025-01-07', 'Ophthalmology', 42),
(134, 134, 'Corticosteroid Therapy', 'Prednisone', '60 mg daily', '2025-01-10', 'Rheumatology', 40),
(135, 135, 'Immunosuppressive Therapy', 'Cyclophosphamide', '2 mg/kg daily', '2025-01-13', 'Nephrology', 41),
(136, 136, 'Physical Therapy and NSAIDs', 'Ibuprofen', '400 mg every 8 hours', '2025-01-16', 'Orthopedic Surgery', 43),
(137, 137, 'Nasal Corticosteroids', 'Fluticasone Nasal Spray', '2 sprays in each nostril once daily', '2025-01-19', 'Pulmonology', 44),
(138, 138, 'Pessary Fitting', 'N/A', 'N/A', '2025-01-22', 'Urology', 45),
(139, 139, 'Laser Photocoagulation', 'N/A', 'N/A', '2025-01-25', 'Ophthalmology', 42),
(140, 140, 'TNF Inhibitor Therapy', 'Etanercept', '50 mg subcutaneously weekly', '2025-01-28', 'Rheumatology', 40),
(141, 141, 'Cyst Aspiration', 'N/A', 'N/A', '2025-01-31', 'Nephrology', 41),
(142, 142, 'Arthroscopic Meniscectomy', 'N/A', 'N/A', '2025-02-03', 'Orthopedic Surgery', 43),
(143, 143, 'Mucolytic Therapy', 'Acetylcysteine', '600 mg twice daily', '2025-02-06', 'Pulmonology', 44),
(144, 144, 'Phosphodiesterase Type 5 Inhibitors', 'Sildenafil', '50 mg as needed', '2025-02-09', 'Urology', 45),
(145, 145, 'Trabeculectomy', 'N/A', 'N/A', '2025-02-12', 'Ophthalmology', 42),
(146, 146, 'DMARD Therapy', 'Methotrexate', '15 mg weekly', '2025-02-15', 'Rheumatology', 40),
(147, 147, 'Antihypertensive Therapy', 'Amlodipine', '5 mg daily', '2025-02-18', 'Nephrology', 41),
(148, 148, 'Arthroscopic ACL Reconstruction', 'N/A', 'N/A', '2025-02-21', 'Orthopedic Surgery', 43),
(149, 149, 'Continuous Positive Airway Pressure (CPAP)', 'N/A', 'Use during sleep', '2025-02-24', 'Pulmonology', 44),
(150, 150, 'Manual Detorsion and Orchidopexy', 'N/A', 'N/A', '2025-02-27', 'Urology', 45);














    




